question,ground_truth_answer
How many use cases have we delivered for Banking clients?,"We have delivered 7 use cases for Banking clients. These span across AI & Machine Learning (Credit Risk Scoring, Fraud Detection, and Customer Churn Prediction), Data Engineering (Enterprise Data Lakehouse Migration, Basel III Regulatory Reporting Pipeline, and Unified Customer Data Platform), and Digital Transformation (End-to-End Digital Transformation of Retail Banking Operations)."
Provide me the 3 AI ML use cases we have delivered.,"The top 3 AI & ML use cases to showcase are: 1) AI-Powered Credit Risk Scoring for BankNova - improved the Gini coefficient from 0.42 to 0.67, reduced false rejection rates from 34% to 11%, and unlocked $23M in incremental annual loan revenue within 8 months. 2) Real-Time Transaction Fraud Detection for NexBank - reduced annual fraud losses from $41M to $14M (66% reduction) and detection latency from 4-6 hours to under 200ms, processing 12 million+ transactions daily. 3) Intelligent Claims Automation & Leakage Detection for ShieldGen Insurance - reduced claims cycle time from 18 to 7.2 days, achieved 52% auto-adjudication, and saved $14M in claims leakage in Year 1. All three demonstrate rapid delivery (7-9 months) with measurable, quantified business impact."
What are the latest use cases we delivered in Cyber Security and for which industry?,"Our two most recent Cyber Security engagements are: 1) Zero-Trust Security Architecture Implementation for a large asset management firm (ApexCapital Advisors, ~4,500 employees, North America) in the Financial Services sector - delivered February to November 2023 (10 months). Key outcomes included reducing MTTD from 22 days to 4.2 hours and winning $340M in new AUM from clients who mandated Zero Trust compliance. 2) AI-Powered Threat Intelligence & SOC Automation Platform for a large hospital network (MedShield Health System, 14 hospitals, ~18,000 employees, USA) in the Healthcare sector - delivered May to December 2024 (8 months). This is our most recent engagement overall, reducing MTTD from 18+ days to 38 minutes using an AI/LLM-based triage engine."
What are the domains we have covered to provide Data Engineering services?,"We have delivered Data Engineering services across three key domains within the Banking sector: 1) Enterprise Data Architecture - migrating a 14-year-old Teradata EDW to a cloud-native Azure data lakehouse for HorizonBank, a large public sector bank with 38,000 employees in South Asia. 2) Regulatory Reporting & Risk Data - building a fully automated Basel III compliance reporting pipeline for EuroCapital Bank, a mid-size private bank with cross-border operations across 6 European countries. 3) Customer Data & Analytics - building a Unified Customer Data Platform (CDP) with a Customer 360 view for PivotBank, a large retail bank with 11M+ customers and 21,000 employees in Southeast Asia."
For which clients did we deliver Digital Transformation services and how many cases do we have?,"We have delivered 1 Digital Transformation engagement. The client was an established private sector bank with 180+ branches and approximately 9,500 employees operating across South and Southeast Asia (anonymized as 'FutureBank'). The engagement ran for 24 months (January 2022 - December 2023) and was the most comprehensive banking modernization program in our portfolio - covering core banking migration, digital channel build-out, branch process digitization, data platform, and AI deployment simultaneously. The bank was recognized with the 'Best Digital Banking Transformation' award at the Asia Banking Awards 2024."
Do we have any experience in the Insurance sector? What did we deliver?,"Yes, we have one Insurance sector engagement in our portfolio. We delivered an Intelligent Claims Automation & Leakage Detection Platform for ShieldGen Insurance, a general insurance company with approximately 3,200 employees operating across the UK & Ireland. The engagement was in the Property & Casualty Claims Management domain and ran for 9 months (June 2022 - February 2023). Key outcomes included reducing claims handling cycle time from 18 to 7.2 days (60% reduction), achieving a 52% auto-adjudication rate, saving $14M in claims leakage in Year 1, and improving customer satisfaction (CSAT) from 3.1 to 4.4 out of 5."
I am meeting a CFO of a bank next week who is worried about regulatory penalties and compliance reporting delays. Do we have a relevant reference use case?,"Absolutely. Our most relevant reference is the Real-Time Regulatory Reporting Pipeline for Basel III Compliance delivered for EuroCapital Bank - a mid-size private bank with cross-border operations across 6 European countries. The client had missed 3 regulatory submission deadlines in 18 months, incurring EUR2.1M in penalties and heightened ECB oversight. Nexvance built a fully automated BCBS 239-compliant reporting pipeline that reduced submission time from 8 days to 18 hours post period-end, eliminated all missed deadlines for 14 consecutive months after go-live, and cut manual analyst effort by 74%. Data quality error rates dropped from 6.8% to 0.3%. This is a strong CFO narrative - it removed regulatory risk, freed analyst capacity, and saved EUR2.1M in penalties."
I need to pitch our fraud detection capabilities to a prospect. What is the strongest outcome we can talk about?,"Our strongest fraud outcome is from the Real-Time Transaction Fraud Detection engagement for NexBank - one of South Asia's top-5 national banks by asset size with ~28,000 employees. The headline numbers are compelling: we reduced annual fraud losses from $41M to $14M - a $27M saving in the first year alone, representing a 66% reduction. At the same time, we cut false positives from 78,000 to ~22,500 per month (71% reduction), which significantly improved customer experience by eliminating erroneous transaction blocks. Detection latency went from 4-6 hours to real-time under 200ms, processing 12 million+ transactions daily. The fraud ops team's case resolution time also improved from 6.2 days to 1.8 days. This is a strong story combining revenue protection, customer satisfaction, and operational efficiency."
Do we have any experience working with Healthcare clients?,"Yes, we have one Healthcare engagement in our portfolio. We delivered an AI-Powered Threat Intelligence & SOC Automation Platform for MedShield Health System - a large not-for-profit hospital network operating 14 hospitals with approximately 18,000 employees across the US Midwest. The engagement ran from May to December 2024 (8 months). The client had suffered a ransomware attack in 2023 costing $27M and was assessed as critically deficient in security posture. Post-engagement, MTTD dropped from 18+ days to 38 minutes, zero ransomware incidents occurred in 12 months, and HIPAA compliance was fully remediated. MedShield's CISO presented this transformation as a case study at HIMSS 2025."
I am going into a meeting with a retail bank's Chief Digital Officer. Which use case should I lead with?,"Lead with the FutureBank Digital Transformation engagement - it is our most comprehensive and impactful case for a Chief Digital Officer audience. FutureBank was an established private sector bank with 180+ branches that had only 18% digital channel adoption and was losing market share at 3.2% per year to digital-first challenger banks. Nexvance delivered an end-to-end 24-month transformation covering core banking migration to Temenos Transact, a brand new mobile banking app (achieving 4.6/5 app store rating), branch digitization across all 180 branches, and an open banking API ecosystem. Digital adoption jumped from 18% to 67%, new product time-to-market reduced from 9 months to 6 weeks, and the bank attracted 14 fintech partners within 12 months - ultimately raising $120M in Tier 1 capital in 2024 with investors citing the transformation. This is an award-winning case recognized at the Asia Banking Awards 2024."
How many use cases do we have in total and across which capability areas?,"We have a total of 10 delivered use cases across four capability areas: AI & Machine Learning - 4 use cases (3 in Banking: Credit Risk Scoring, Fraud Detection, Customer Churn Prediction; and 1 in Insurance: Claims Automation). Data Engineering - 3 use cases (all in Banking: Data Lakehouse Migration, Basel III Regulatory Reporting Pipeline, Unified Customer Data Platform). Cyber Security - 2 use cases (Zero-Trust Architecture for Financial Services, and AI-Powered SOC Automation for Healthcare). Digital Transformation - 1 use case (End-to-End Retail Banking Transformation). The portfolio covers Banking, Insurance, and Healthcare across Southeast Asia, South Asia, Middle East, Europe, and North America."
A prospect CISO is asking whether we have experience improving security posture for a large financial firm. What can we show them?,"We have a directly relevant reference for a CISO. We delivered a Zero-Trust Security Architecture Implementation for ApexCapital Advisors - a large asset management firm managing $180 billion in AUM with ~4,500 employees in North America. The firm had suffered two significant security incidents including a lateral movement attack where an attacker traversed the internal network undetected for 22 days. Nexvance implemented a full five-pillar Zero Trust architecture (Identity, Device, Network, Application, Threat Detection) aligned to NIST SP 800-207. The results: MTTD dropped from 22 days to 4.2 hours, MTTR from 9 days to 6.3 hours, attack surface reduced by 68% by eliminating VPN, and SOC 2 Type II was passed with zero exceptions for the first time in the firm's history. Cyber insurance premiums were reduced by 28% ($1.4M annually), and the firm onboarded 3 new institutional clients worth $340M in AUM who mandated Zero Trust as a due diligence requirement."
Do we have experience helping banks improve their customer retention and reduce churn?,"Yes, we have a dedicated use case for customer retention. We built an AI-Driven Customer Churn Prediction & Retention Engine for CrescentBank - a mid-size private sector bank with ~6,800 employees in the Middle East & North Africa. The bank was losing 19% of retail customers annually (well above the 11% regional average) at a cost of $28M per year. In 7 months, Nexvance deployed a predictive model that identified at-risk customers 90 days in advance and triggered automated interventions (personalized offers, relationship manager outreach, digital nudges) through Salesforce. The churn rate dropped from 19% to 12.4%, campaign ROI improved from 1.4x to 4.7x, and $16.5M in revenue was protected in Year 1 - all while reducing marketing spend by 37%."
